display_name,challonge_accounts
regi,deleted6810550:6810550;deleted6687950:6687950;deleted6372958:6372958;deleted6155069:6155069;deleted6174220:6174220;deleted5725434:5725434;deleted5563137:5563137;deleted5677294:5677294;deleted6074280:6074280;deleted6267103:6267103;deleted6246560:6246560;deleted6319046:6319046;deleted5667319:5667319;deleted5636355:5636355;deleted5386768:5386768;deleted5969366:5969366;deleted6325758:6325758;deleted5780632:5780632;deleted4573570:4573570;deleted4912958:4912958;deleted5301908:5301908;deleted5106244:5106244;deleted5516124:5516124;deleted5250825:5250825;deleted5654860:5654860;deleted5711925:5711925;deleted5610230:5610230;deleted4783908:4783908;deleted5362213:5362213;deleted6128501:6128501;deleted5359433:5359433;deleted5687533:5687533;deleted5454270:5454270;deleted5067794:5067794;deleted5019981:5019981;deleted7443490:7443490
God_Wing,deleted4060941:4060941
Softly,deleted5349275:5349275
Kolmorka,deleted1140710:1140710
tokidore,deleted4598764:4598764
Tuxiio,deleted3053404:3053404
88mpharu,88MPHARU:1350609;Haru_0:1879967
Vadux,C_DADDY:3598620;Joe1769:4285062;PoopfeastDagod:4526931
Cermu,Cermu:5693092;cermu_:2307897
EmDotTwo,EmDotTwo:4359386;EmDotTwo_:4527362
J.J.K.,JJK_73:4283335;JJK73:4052280
Just Gas,Just_Gas:4734634;Just_Gas_Backup:5062145
justanaboveaverageguy,justanaboveavrageguy:3160259;justanaverageguy:466936
mia,lemin1:4554996;miamiamiamiamiamia:3216488
Nobody,NobodyLL:3144513;pGNobody:935438
Slayer,Ducker33:1250909;Slingroot:6267023
paralin,paralin:1068788;paralinq:3270104
very epic,very_epic:5789827;very___epic:5964058
wallisbean,wallacebean:4260889;gungunguy1:5797862
Gander,Gander:3204616;pimplord:4154197
lalou,lalou:2846390;lalou816:3924254
kkb,swaglordbless:6586940;kanimiso:6600294;CataclysmEspy:7168573
ThatGuy4878,ThatGuy4878:1105391;MilbroSquat:1160605
RaveTuba,deleted993957:993957
Friend of Beng Boy,deleted1857097:1857097
Casual_Watson,deleted1683459:1683459
KPSCackle,deleted1054286:1054286
A_Moose,deleted1060928:1060928
Scoins,deleted1226049:1226049
flutterguy44,deleted913992:913992
Cat Day,Cat_Day:2446063;CatDay:7065583
BmoSweggs,BmoSwegg:1188588;udonkno:6687466
cruxjamar,cruxjamar:6546794;deleted6761555:6761555
dangergauge,dangergauge:7075326;g46r13lwr1gh7:6590297
SwankyTrain,SwankyTrain:1182226;Swanky_train:3235677
Mercy,TaterNator:943520;GamerDeluxe:4412159
Risa,garu_boi:2784586
maxanga,maxanga:6000394;maxanga1:6712294
Stray Demon,StrayDemon:5472671;njdesmarais:3397774
kirbbbb,kirbbbb:3168901;YoureWorse:3435178
Lil Ch14ki,xd_techno:4456991
cingular,deleted7082052:7082052
Battler,Hydraflux:1322377
OintmentBooth,deleted3144971:3144971
[redacted],Bipmap:3158563
CaesarSodiumIV,deleted981540:981540